column_0,column_1,column_2,column_3,column_4,column_5,column_6,column_7,column_8,column_9
080b92af2d8b4ede99ecd50c648cc723,30,5,"",27910000000000000000,江西分公司,cda9b01365d34d8d9bb33cee36d00d9f,2020-07-20 16:15:17+08,cda9b01365d34d8d9bb33cee36d00d9f,2020-07-20 16:15:17+08
0b6d700f98234000980316b0e5ec224f,30,5,"",22200000000000000000,天津分公司,cda9b01365d34d8d9bb33cee36d00d9f,2020-07-20 16:15:17+08,cda9b01365d34d8d9bb33cee36d00d9f,2020-07-20 16:15:17+08
0f63e35510c246e7b013dcc7b10ea468,2,1,5e19e5167bb3498991059a5b12d85aba,28520000000000000000,测试省公司,1b9c44a30f2c42d0a77838aea7aa3596,2020-07-31 17:36:00+08,1b9c44a30f2c42d0a77838aea7aa3596,2020-07-31 17:36:00+08
0fa25bccd5564dfba548717c7e1ef5e2,30,5,"",22850000000000000000,四川工程公司,cda9b01365d34d8d9bb33cee36d00d9f,2020-07-20 16:15:17+08,cda9b01365d34d8d9bb33cee36d00d9f,2020-07-20 16:15:17+08
182b93af4d5b4ede99ecd55c748cc123,30,5,"",10000000000000000000,中移铁通,cda9b01365d34d8d9bb33cee36d00d9f,2020-07-20 16:15:17+08,cda9b01365d34d8d9bb33cee36d00d9f,2020-07-20 16:15:17+08
1d021c6893564632ad2ed23b2d035c01,30,5,"",24310000000000000000,吉林分公司,cda9b01365d34d8d9bb33cee36d00d9f,2020-07-20 16:15:17+08,cda9b01365d34d8d9bb33cee36d00d9f,2020-07-20 16:15:17+08
251c85add1734eecb0fcfdcc56c630ab,30,5,"",28520000000000000000,测试省公司,cda9b01365d34d8d9bb33cee36d00d9f,2020-07-20 16:15:17+08,cda9b01365d34d8d9bb33cee36d00d9f,2020-07-20 16:15:17+08
2745bda500014ba590d1fb87adbbc36d,30,5,"",29910000000000000000,新疆分公司,cda9b01365d34d8d9bb33cee36d00d9f,2020-07-20 16:15:17+08,cda9b01365d34d8d9bb33cee36d00d9f,2020-07-20 16:15:17+08
2ab63fc1ab854758ab8356b0f0927fde,30,5,"",27710000000000000000,广西分公司,cda9b01365d34d8d9bb33cee36d00d9f,2020-07-20 16:15:17+08,cda9b01365d34d8d9bb33cee36d00d9f,2020-07-20 16:15:17+08
2c625f046497471c94b9034b9576ac8c,30,5,"",28510000000000000000,贵州分公司,cda9b01365d34d8d9bb33cee36d00d9f,2020-07-20 16:15:17+08,cda9b01365d34d8d9bb33cee36d00d9f,2020-07-20 16:15:17+08
4279b8ba7a244a65b22217cb9faf0c9b,30,5,"",21000000000000000000,北京分公司,cda9b01365d34d8d9bb33cee36d00d9f,2020-07-20 16:15:17+08,cda9b01365d34d8d9bb33cee36d00d9f,2020-07-20 16:15:17+08
4c73c2d74168459e96b7ba74f5a7af50,30,5,"",24710000000000000000,内蒙古分公司,cda9b01365d34d8d9bb33cee36d00d9f,2020-07-20 16:15:17+08,cda9b01365d34d8d9bb33cee36d00d9f,2020-07-20 16:15:17+08
4dea428e1d5740ee8b76ef43bd74057e,30,5,"",28980000000000000000,海南分公司,cda9b01365d34d8d9bb33cee36d00d9f,2020-07-20 16:15:17+08,cda9b01365d34d8d9bb33cee36d00d9f,2020-07-20 16:15:17+08
535f3eb29f514310948aea586506a5ed,30,5,"",25310000000000000000,山东分公司,cda9b01365d34d8d9bb33cee36d00d9f,2020-07-20 16:15:17+08,cda9b01365d34d8d9bb33cee36d00d9f,2020-07-20 16:15:17+08
56f635b0767141bf8665d694f3e59c58,3,1,5e19e5167bb3498991059a5b12d85aba,28520000000000000000,测试省公司,1b9c44a30f2c42d0a77838aea7aa3596,2020-08-03 11:21:35+08,1b9c44a30f2c42d0a77838aea7aa3596,2020-08-03 11:21:35+08
5c7bf5a016ed49d0a934fda4db7c2325,30,5,"",24510000000000000000,黑龙江分公司,cda9b01365d34d8d9bb33cee36d00d9f,2020-07-20 16:15:17+08,cda9b01365d34d8d9bb33cee36d00d9f,2020-07-20 16:15:17+08
5daa4b0c600a48d5b3c9cc9c80ec1900,30,5,"",29710000000000000000,青海分公司,cda9b01365d34d8d9bb33cee36d00d9f,2020-07-20 16:15:17+08,cda9b01365d34d8d9bb33cee36d00d9f,2020-07-20 16:15:17+08
5f3f82ca55b6452b91437a714b6ba6cb,30,5,"",25910000000000000000,福建分公司,cda9b01365d34d8d9bb33cee36d00d9f,2020-07-20 16:15:17+08,cda9b01365d34d8d9bb33cee36d00d9f,2020-07-20 16:15:17+08
69cd7efa9f7a4285bc9dccbcbf79ba96,30,5,"",22400000000000000000,辽宁分公司,cda9b01365d34d8d9bb33cee36d00d9f,2020-07-20 16:15:17+08,cda9b01365d34d8d9bb33cee36d00d9f,2020-07-20 16:15:17+08
753b562bb77a45048e741fe607aed24a,30,5,"",22700000000000000000,湖北分公司,cda9b01365d34d8d9bb33cee36d00d9f,2020-07-20 16:15:17+08,cda9b01365d34d8d9bb33cee36d00d9f,2020-07-20 16:15:17+08
78cdbcd0958a448288cc111795b9d581,30,5,"",23110000000000000000,河北分公司,cda9b01365d34d8d9bb33cee36d00d9f,2020-07-20 16:15:17+08,cda9b01365d34d8d9bb33cee36d00d9f,2020-07-20 16:15:17+08
93f520cb6bb74e1181e716d4ded4061f,30,5,"",29310000000000000000,甘肃分公司,cda9b01365d34d8d9bb33cee36d00d9f,2020-07-20 16:15:17+08,cda9b01365d34d8d9bb33cee36d00d9f,2020-07-20 16:15:17+08
9500b03e8fec4719b4fdd4858db1789a,30,5,"",22900000000000000000,陕西分公司,cda9b01365d34d8d9bb33cee36d00d9f,2020-07-20 16:15:17+08,cda9b01365d34d8d9bb33cee36d00d9f,2020-07-20 16:15:17+08
95acd368d75746049dfee927485532c8,30,5,"",28710000000000000000,云南分公司,cda9b01365d34d8d9bb33cee36d00d9f,2020-07-20 16:15:17+08,cda9b01365d34d8d9bb33cee36d00d9f,2020-07-20 16:15:17+08
ad08ed45489b4cacb5bba16cb5795ee9,30,5,"",23510000000000000000,山西分公司,cda9b01365d34d8d9bb33cee36d00d9f,2020-07-20 16:15:17+08,cda9b01365d34d8d9bb33cee36d00d9f,2020-07-20 16:15:17+08
ae7d5e4ceb414ae798603f110d8c4fdb,30,1,5e19e5167bb3498991059a5b12d85aba,28520000000000000000,测试省公司,1b9c44a30f2c42d0a77838aea7aa3596,2020-08-03 11:24:25+08,1b9c44a30f2c42d0a77838aea7aa3596,2020-08-03 11:24:25+08
bb6e4ed5a0e7475fba53ca990c45d0a0,30,5,"",23710000000000000000,河南分公司,cda9b01365d34d8d9bb33cee36d00d9f,2020-07-20 16:15:17+08,cda9b01365d34d8d9bb33cee36d00d9f,2020-07-20 16:15:17+08
bdc1a98b61a5421daf5750508f79f6d5,30,5,5e19e5167bb3498991059a5b12d85aba,28520000000000000000,测试省公司,1b9c44a30f2c42d0a77838aea7aa3596,2020-08-03 11:22:19+08,1b9c44a30f2c42d0a77838aea7aa3596,2020-08-03 11:22:19+08
c56cdfbfb49d4bae9deef6fdb1c46d6a,30,5,"",25510000000000000000,安徽分公司,cda9b01365d34d8d9bb33cee36d00d9f,2020-07-20 16:15:17+08,cda9b01365d34d8d9bb33cee36d00d9f,2020-07-20 16:15:17+08
c608f5991f374225816751dc0cd2acfb,3,2,5e19e5167bb3498991059a5b12d85aba,28520000000000000000,测试省公司,1b9c44a30f2c42d0a77838aea7aa3596,2020-08-03 11:21:58+08,1b9c44a30f2c42d0a77838aea7aa3596,2020-08-03 11:21:58+08
cb5e92574b4d4fb0b3c2af73d2a927f5,30,5,"",25710000000000000000,浙江分公司,cda9b01365d34d8d9bb33cee36d00d9f,2020-07-20 16:15:17+08,cda9b01365d34d8d9bb33cee36d00d9f,2020-07-20 16:15:17+08
cede9abf7d3d4086b9fa8b657cfd38d2,30,5,"",22300000000000000000,重庆分公司,cda9b01365d34d8d9bb33cee36d00d9f,2020-07-20 16:15:17+08,cda9b01365d34d8d9bb33cee36d00d9f,2020-07-20 16:15:17+08
dbbf7ea6b4494cdc8de9484bd94325c8,30,5,"",22800000000000000000,四川分公司,cda9b01365d34d8d9bb33cee36d00d9f,2020-07-20 16:15:17+08,cda9b01365d34d8d9bb33cee36d00d9f,2020-07-20 16:15:17+08
dd58b1056d6f4692bd4f00f7895503ca,30,5,"",29510000000000000000,宁夏分公司,cda9b01365d34d8d9bb33cee36d00d9f,2020-07-20 16:15:17+08,cda9b01365d34d8d9bb33cee36d00d9f,2020-07-20 16:15:17+08
df5650d53e164a9b95b5dfc4d1f8e6e1,30,5,"",22000000000000000000,广东分公司,cda9b01365d34d8d9bb33cee36d00d9f,2020-07-20 16:15:17+08,cda9b01365d34d8d9bb33cee36d00d9f,2020-07-20 16:15:17+08
e8aac40222aa42789b6d3be2a0754334,30,5,"",22100000000000000000,上海分公司,cda9b01365d34d8d9bb33cee36d00d9f,2020-07-20 16:15:17+08,cda9b01365d34d8d9bb33cee36d00d9f,2020-07-20 16:15:17+08
e95e07cd9a7c4150bf90b9f76e60ef62,30,5,"",22500000000000000000,江苏分公司,cda9b01365d34d8d9bb33cee36d00d9f,2020-07-20 16:15:17+08,cda9b01365d34d8d9bb33cee36d00d9f,2020-07-20 16:15:17+08
ed2a5bd9c28740779033704187eb8ba7,30,5,5e19e5167bb3498991059a5b12d85aba,28520000000000000000,测试省公司,1b9c44a30f2c42d0a77838aea7aa3596,2020-07-31 17:35:45+08,1b9c44a30f2c42d0a77838aea7aa3596,2020-07-31 17:35:45+08
f058cac64c0945ecaa935e1fa1062c9e,30,5,"",27310000000000000000,湖南分公司,cda9b01365d34d8d9bb33cee36d00d9f,2020-07-20 16:15:17+08,cda9b01365d34d8d9bb33cee36d00d9f,2020-07-20 16:15:17+08
